,Junc 10,Junc 11,Junc 12,Junc 13,Junc 21,Junc 22,Junc 23,Junc 31,Junc 32
0,111.07,110.9,115.38,116.56,113.7,115.94,118.04,112.15,107.41
1,130.28,122.37,121.4,122.23,120.13,121.88,123.82,117.13,111.89
2,119.99,110.67,108.43,109.34,107.6,109.12,111.03,104.55,99.24
3,130.28,122.37,121.4,122.23,120.13,121.88,123.82,117.13,111.89
4,128.59,120.45,118.35,119.99,118.94,120.07,122.05,117.15,112.09
5,129.96,122.01,120.53,121.8,120.21,121.71,123.67,117.88,112.76
6,128.59,120.45,118.35,119.99,118.94,120.07,122.05,117.15,112.09
7,123.39,114.53,112.71,113.59,111.73,113.33,115.26,108.7,103.42
8,127.51,119.22,116.99,118.63,117.63,118.72,120.7,115.83,110.75
9,125.11,116.5,116.47,115.76,107.81,112.1,114.28,59.27,70.24
10,127.54,119.26,117.02,118.67,117.66,118.76,120.74,115.86,110.79
11,121.51,112.4,112.37,109.03,101.75,99.31,101.8,98.48,91.9
12,125.02,116.39,116.92,112.85,104.14,99.98,102.84,100.99,93.43
13,127.54,119.26,117.02,118.67,117.66,118.76,120.74,115.86,110.79
14,129.96,122.01,120.53,121.8,120.21,121.71,123.67,117.88,112.76
15,129.96,122.01,120.53,121.8,120.21,121.71,123.67,117.88,112.76
16,122.25,113.24,111.28,112.17,110.35,111.92,113.84,107.31,102.02
17,129.25,121.2,119.63,120.91,119.35,120.82,122.78,117.01,111.89
18,53.02,47.22,48.08,48.77,46.19,48.22,50.2,43.25,38.09
19,120.82,111.62,115.89,117.09,114.29,116.51,118.61,112.74,108.0
20,122.11,113.08,113.45,109.37,101.0,97.83,100.45,97.54,90.63
21,47.18,41.38,42.25,42.94,40.35,42.38,44.36,37.41,32.25
22,111.0,109.03,112.89,113.29,110.04,112.27,114.31,107.15,102.04
23,129.96,122.01,120.53,121.8,120.21,121.71,123.67,117.88,112.76
24,120.03,110.72,109.48,83.28,104.79,105.28,102.73,101.5,95.9
25,116.09,106.25,110.7,111.04,107.62,109.92,111.96,104.74,99.65
26,127.54,119.26,117.02,118.67,117.66,118.76,120.74,115.86,110.79
27,127.54,119.26,117.02,118.67,117.66,118.76,120.74,115.86,110.79
28,127.54,119.26,117.02,118.67,117.66,118.76,120.74,115.86,110.79
29,128.59,120.45,118.35,119.99,118.94,120.07,122.05,117.15,112.09
30,129.25,121.2,119.63,120.91,119.35,120.82,122.78,117.01,111.89
31,126.21,117.74,117.06,116.85,112.01,114.2,116.37,94.2,47.12
32,123.62,114.8,115.97,115.11,98.33,110.33,112.6,98.11,95.07
33,124.57,115.88,115.77,114.55,108.19,110.56,112.73,83.87,20.67
34,110.14,110.13,115.02,116.15,113.15,115.46,117.58,111.62,106.9
35,123.8,115.01,114.84,113.58,107.14,109.52,111.69,82.28,17.35
36,129.25,121.2,119.63,120.91,119.35,120.82,122.78,117.01,111.89
37,122.45,113.47,113.78,112.28,102.96,107.75,109.92,47.99,60.09
38,117.62,107.98,112.38,113.17,110.08,112.33,114.41,107.91,103.0
39,125.78,117.26,116.79,116.22,110.58,112.85,115.02,88.21,26.36
40,130.28,122.37,121.4,122.23,120.13,121.88,123.82,117.13,111.89
41,129.96,122.01,120.53,121.8,120.21,121.71,123.67,117.88,112.76
42,127.46,119.17,116.92,118.57,117.57,118.66,120.64,115.77,110.69
43,126.86,118.49,116.96,91.04,114.8,114.97,112.76,112.78,107.38
44,130.28,122.37,121.4,122.23,120.13,121.88,123.82,117.13,111.89
45,128.59,120.45,118.35,119.99,118.94,120.07,122.05,117.15,112.09
46,129.25,121.2,119.63,120.91,119.35,120.82,122.78,117.01,111.89
47,125.59,117.04,116.81,116.33,109.39,113.15,115.32,68.34,76.1
48,125.34,116.75,116.99,116.85,106.08,113.7,115.89,105.5,101.44
49,126.15,117.67,116.84,116.76,111.52,113.75,115.93,89.42,23.42
50,128.59,120.45,118.35,119.99,118.94,120.07,122.05,117.15,112.09
51,124.51,115.81,113.65,114.96,113.57,114.92,116.87,111.2,106.05
52,117.02,107.3,112.7,113.39,109.94,112.37,114.47,107.81,102.95
53,123.8,115.01,114.84,113.58,107.14,109.52,111.69,82.28,17.35
54,121.45,112.34,112.82,111.03,100.42,105.9,108.09,35.9,52.1
55,129.96,122.01,120.53,121.8,120.21,121.71,123.67,117.88,112.76
56,125.43,116.85,116.1,112.82,110.97,110.81,105.73,108.26,102.61
57,121.66,112.57,114.43,112.55,91.69,106.33,108.61,91.31,88.44
58,121.12,111.95,109.85,110.75,108.97,110.52,112.43,105.93,100.63
59,123.8,115.01,114.84,113.58,107.14,109.52,111.69,82.28,17.35
60,127.54,119.26,117.02,118.67,117.66,118.76,120.74,115.86,110.79
61,125.15,116.54,116.47,115.99,107.05,112.09,114.31,46.77,64.69
62,127.54,119.26,117.02,118.67,117.66,118.76,120.74,115.86,110.79
63,127.54,119.26,117.02,118.67,117.66,118.76,120.74,115.86,110.79
64,123.8,115.01,114.84,113.58,107.14,109.52,111.69,82.28,17.35
65,123.95,115.17,115.2,114.15,106.6,110.47,112.64,64.78,71.43
66,123.86,115.07,112.82,114.14,112.78,114.1,116.05,110.4,105.24
67,122.23,113.22,113.18,110.4,104.03,103.14,105.4,100.43,94.35
68,125.93,117.42,116.91,116.43,110.99,113.24,115.41,89.78,31.72
69,124.82,116.16,115.33,112.06,110.25,110.09,105.04,107.54,101.88
70,129.25,121.2,119.63,120.91,119.35,120.82,122.78,117.01,111.89
71,123.8,115.01,114.84,113.58,107.14,109.52,111.69,82.28,17.35
72,112.07,110.19,114.1,114.5,111.24,113.47,115.51,108.34,103.23
73,123.8,115.01,114.84,113.58,107.14,109.52,111.69,82.28,17.35
74,122.77,113.83,113.77,105.9,104.02,101.99,87.8,100.85,94.46
75,124.4,115.69,115.38,113.3,107.74,106.63,108.93,104.8,98.79
76,129.25,121.2,119.63,120.91,119.35,120.82,122.78,117.01,111.89
77,127.54,119.26,117.02,118.67,117.66,118.76,120.74,115.86,110.79
78,121.08,111.92,112.47,110.57,99.47,105.21,107.41,31.26,49.07
79,125.58,117.03,116.63,115.94,110.0,112.31,114.49,86.0,18.77
80,127.54,119.26,117.02,118.67,117.66,118.76,120.74,115.86,110.79
81,121.49,112.38,112.22,105.93,103.28,102.42,93.02,99.68,93.62
82,114.96,113.31,116.98,118.25,115.6,117.77,119.86,114.04,109.29
83,123.91,115.12,113.89,83.1,110.08,110.29,107.28,107.45,101.93
84,113.83,112.85,116.98,118.19,115.43,117.64,119.73,113.88,109.13
85,128.59,120.45,118.35,119.99,118.94,120.07,122.05,117.15,112.09
86,65.62,49.1,42.14,40.02,36.62,34.19,36.4,32.65,25.99
87,130.28,122.37,121.4,122.23,120.13,121.88,123.82,117.13,111.89
88,120.22,110.94,110.61,104.41,101.82,100.96,91.69,98.22,92.16
89,122.99,114.08,111.73,113.05,111.72,113.02,114.96,109.34,104.17
90,125.92,117.41,116.96,110.94,109.8,108.05,96.08,107.3,101.08
91,123.51,114.68,114.47,112.35,106.84,106.54,108.75,103.38,97.51
92,123.8,115.01,114.84,113.58,107.14,109.52,111.69,82.28,17.35
93,121.26,112.11,109.54,110.87,109.61,110.86,112.8,107.22,102.03
94,124.75,116.08,115.94,114.79,108.59,110.94,113.1,85.13,24.68
95,114.6,104.55,109.36,109.66,106.13,108.48,110.53,103.26,98.18
96,127.48,119.19,116.94,118.59,117.59,118.68,120.66,115.79,110.72
97,121.89,112.83,111.42,76.83,107.42,107.47,103.94,104.75,99.18
98,111.93,111.41,115.74,116.93,114.12,116.34,118.44,112.57,107.83
99,129.25,121.2,119.63,120.91,119.35,120.82,122.78,117.01,111.89
100,116.39,113.95,116.99,118.32,115.79,117.94,120.02,114.23,109.47
101,130.28,122.37,121.4,122.23,120.13,121.88,123.82,117.13,111.89
102,127.03,118.68,116.98,100.29,115.55,115.97,115.01,113.59,108.29
103,122.19,113.17,113.26,104.27,102.4,99.9,83.36,99.12,92.51
104,124.06,115.29,115.07,106.85,105.81,103.1,86.36,103.06,96.34
105,116.43,106.63,111.35,112.11,108.91,111.22,113.3,106.75,101.86
106,121.66,112.57,114.43,112.55,91.69,106.33,108.61,91.31,88.44
107,130.28,122.37,121.4,122.23,120.13,121.88,123.82,117.13,111.89
108,128.59,120.45,118.35,119.99,118.94,120.07,122.05,117.15,112.09
109,129.25,121.2,119.63,120.91,119.35,120.82,122.78,117.01,111.89
110,129.96,122.01,120.53,121.8,120.21,121.71,123.67,117.88,112.76
111,121.99,112.95,113.72,112.38,99.98,108.16,110.33,98.3,93.98
112,129.96,122.01,120.53,121.8,120.21,121.71,123.67,117.88,112.76
113,125.75,117.22,116.22,112.54,111.46,110.63,103.5,109.2,103.39
114,128.59,120.45,118.35,119.99,118.94,120.07,122.05,117.15,112.09
115,127.54,119.26,117.02,118.67,117.66,118.76,120.74,115.86,110.79
116,123.47,114.63,113.42,78.25,109.28,109.37,105.76,106.62,101.06
117,125.56,117.0,116.99,116.49,107.51,112.58,114.8,47.0,65.03
118,125.21,116.6,116.05,114.62,109.93,109.4,111.64,107.12,101.34
119,119.87,110.54,109.47,74.49,103.98,104.22,100.47,100.64,94.95
120,130.28,122.37,121.4,122.23,120.13,121.88,123.82,117.13,111.89
121,125.83,117.31,116.97,114.92,109.26,107.28,109.73,106.71,100.37
122,121.9,112.85,113.25,111.59,101.57,106.74,108.92,41.42,55.73
123,123.76,114.96,115.48,114.76,103.17,111.09,113.26,102.11,97.89
124,123.8,115.01,114.84,113.58,107.14,109.52,111.69,82.28,17.35
125,127.54,119.26,117.02,118.67,117.66,118.76,120.74,115.86,110.79
126,129.25,121.2,119.63,120.91,119.35,120.82,122.78,117.01,111.89
127,130.28,122.37,121.4,122.23,120.13,121.88,123.82,117.13,111.89
128,128.59,120.45,118.35,119.99,118.94,120.07,122.05,117.15,112.09
129,123.8,115.01,114.84,113.58,107.14,109.52,111.69,82.28,17.35
130,129.25,121.2,119.63,120.91,119.35,120.82,122.78,117.01,111.89
131,124.43,115.72,115.48,114.43,108.46,110.78,112.94,86.21,29.57
132,130.28,122.37,121.4,122.23,120.13,121.88,123.82,117.13,111.89
133,120.54,111.3,111.47,107.47,99.26,96.11,98.72,95.81,88.9
134,130.28,122.37,121.4,122.23,120.13,121.88,123.82,117.13,111.89
135,123.8,115.01,114.84,113.58,107.14,109.52,111.69,82.28,17.35
136,125.71,117.17,116.99,116.65,108.46,113.09,115.3,53.92,69.2
137,121.78,112.71,116.23,117.12,114.26,116.43,118.49,112.07,107.14
138,126.46,118.03,117.03,117.22,112.58,114.76,116.93,94.13,40.47
139,130.28,122.37,121.4,122.23,120.13,121.88,123.82,117.13,111.89
140,125.63,117.09,116.53,116.06,110.64,112.89,115.06,89.48,31.6
141,123.8,115.01,114.84,113.58,107.14,109.52,111.69,82.28,17.35
142,128.59,120.45,118.35,119.99,118.94,120.07,122.05,117.15,112.09
143,129.96,122.01,120.53,121.8,120.21,121.71,123.67,117.88,112.76
144,130.28,122.37,121.4,122.23,120.13,121.88,123.82,117.13,111.89
145,129.96,122.01,120.53,121.8,120.21,121.71,123.67,117.88,112.76
146,129.96,122.01,120.53,121.8,120.21,121.71,123.67,117.88,112.76
147,126.29,117.84,115.9,117.2,115.75,117.14,119.09,113.39,108.25
148,123.53,114.7,114.27,112.22,106.73,105.61,107.91,103.79,97.77
149,124.45,115.74,115.34,108.24,107.18,104.94,90.66,104.56,98.09
150,123.8,115.01,114.84,113.58,107.14,109.52,111.69,82.28,17.35
151,126.04,117.55,116.9,116.99,110.74,114.32,116.49,70.89,79.56
152,121.47,112.35,111.3,84.69,106.49,107.0,104.41,103.21,97.61
153,120.64,111.41,110.35,79.49,105.19,105.56,102.38,101.88,96.23
154,129.96,122.01,120.53,121.8,120.21,121.71,123.67,117.88,112.76
155,127.54,119.26,117.02,118.67,117.66,118.76,120.74,115.86,110.79
156,120.71,111.5,115.54,116.37,113.38,115.59,117.66,111.2,106.28
157,123.32,114.46,113.43,95.42,109.38,110.2,108.83,106.17,100.66
158,123.8,115.01,114.84,113.58,107.14,109.52,111.69,82.28,17.35
159,106.04,105.68,110.23,110.56,107.11,109.42,111.47,104.24,99.14
160,123.8,115.01,114.84,113.58,107.14,109.52,111.69,82.28,17.35
161,109.86,108.6,112.84,113.2,109.85,112.12,114.16,106.96,101.86
162,107.94,107.2,111.54,111.89,108.51,110.79,112.83,105.63,100.53
163,129.25,121.2,119.63,120.91,119.35,120.82,122.78,117.01,111.89
164,126.78,118.39,116.55,104.26,115.51,116.06,115.7,113.58,108.32
165,127.54,119.26,117.02,118.67,117.66,118.76,120.74,115.86,110.79
166,128.59,120.45,118.35,119.99,118.94,120.07,122.05,117.15,112.09
167,129.96,122.01,120.53,121.8,120.21,121.71,123.67,117.88,112.76
168,129.96,122.01,120.53,121.8,120.21,121.71,123.67,117.88,112.76
169,124.17,115.42,115.21,114.07,107.91,110.25,112.41,84.56,24.48
170,123.84,115.05,113.62,92.04,110.6,111.07,109.3,108.03,102.6
171,130.28,122.37,121.4,122.23,120.13,121.88,123.82,117.13,111.89
172,123.8,115.01,114.84,113.58,107.14,109.52,111.69,82.28,17.35
173,127.54,119.26,117.02,118.67,117.66,118.76,120.74,115.86,110.79
174,129.25,121.2,119.63,120.91,119.35,120.82,122.78,117.01,111.89
175,126.78,118.39,116.06,117.71,116.73,117.8,119.78,114.92,109.84
176,125.3,116.71,115.91,111.11,110.02,108.73,99.29,107.64,101.63
177,123.8,115.01,114.84,113.58,107.14,109.52,111.69,82.28,17.35
178,127.54,119.26,117.02,118.67,117.66,118.76,120.74,115.86,110.79
179,123.96,115.19,115.0,113.8,107.48,109.84,112.01,83.28,20.5
180,130.28,122.37,121.4,122.23,120.13,121.88,123.82,117.13,111.89
181,126.14,117.66,115.94,94.88,114.2,114.48,112.92,112.21,106.85
182,129.25,121.2,119.63,120.91,119.35,120.82,122.78,117.01,111.89
183,126.16,117.69,115.28,116.93,115.98,117.03,119.01,114.17,109.08
184,123.89,115.11,115.18,111.85,104.34,100.96,103.66,101.41,94.32
185,123.14,114.26,114.65,113.35,102.69,108.45,110.67,33.6,53.69
186,123.8,115.01,114.84,113.58,107.14,109.52,111.69,82.28,17.35
187,130.28,122.37,121.4,122.23,120.13,121.88,123.82,117.13,111.89
188,119.49,110.11,113.72,114.15,110.97,113.17,115.2,108.07,102.95
189,123.8,115.01,114.84,113.58,107.14,109.52,111.69,82.28,17.35
190,123.62,114.8,114.72,111.98,105.52,103.75,106.15,102.42,96.14
191,118.53,109.02,109.19,99.58,96.93,94.69,78.67,93.0,86.42
192,127.54,119.26,117.02,118.67,117.66,118.76,120.74,115.86,110.79
193,130.28,122.37,121.4,122.23,120.13,121.88,123.82,117.13,111.89
194,127.54,119.26,117.02,118.67,117.66,118.76,120.74,115.86,110.79
195,124.34,115.62,114.6,100.78,110.96,111.94,111.19,107.79,102.33
196,66.6,50.21,41.4,42.63,42.91,42.84,44.65,39.5,33.71
197,57.42,39.83,40.7,41.39,38.8,40.84,42.81,35.87,30.7
198,123.39,114.54,115.59,114.46,99.84,109.94,112.14,99.07,95.16
199,130.28,122.37,121.4,122.23,120.13,121.88,123.82,117.13,111.89
200,126.11,117.63,116.98,115.57,110.84,109.51,111.85,108.46,102.42
201,118.9,109.44,110.9,108.76,90.61,102.9,105.11,89.52,85.69
202,128.59,120.45,118.35,119.99,118.94,120.07,122.05,117.15,112.09
203,127.54,119.26,117.02,118.67,117.66,118.76,120.74,115.86,110.79
204,129.96,122.01,120.53,121.8,120.21,121.71,123.67,117.88,112.76
205,116.15,106.31,108.36,105.49,81.47,98.03,100.31,80.8,77.86
206,130.28,122.37,121.4,122.23,120.13,121.88,123.82,117.13,111.89
207,127.54,119.26,117.02,118.67,117.66,118.76,120.74,115.86,110.79
208,118.91,109.45,111.38,108.83,87.42,102.08,104.32,86.59,83.21
209,130.28,122.37,121.4,122.23,120.13,121.88,123.82,117.13,111.89
210,128.59,120.45,118.35,119.99,118.94,120.07,122.05,117.15,112.09
211,124.88,116.24,114.93,93.13,111.84,112.33,110.54,109.28,103.85
212,126.57,118.16,116.99,114.39,113.3,112.91,107.94,111.15,105.53
213,129.96,122.01,120.53,121.8,120.21,121.71,123.67,117.88,112.76
214,119.61,110.24,110.6,105.94,96.78,92.91,95.65,93.14,85.88
215,122.29,113.29,116.61,117.91,115.33,117.49,119.57,113.77,109.01
216,130.28,122.37,121.4,122.23,120.13,121.88,123.82,117.13,111.89
217,110.78,110.2,114.54,115.34,112.26,114.52,116.59,110.1,105.19
218,124.94,116.3,115.83,113.81,108.24,106.25,108.7,105.68,99.34
219,124.58,115.89,115.25,113.83,109.19,108.66,110.89,106.39,100.6
220,69.34,53.3,46.71,44.71,41.34,39.16,41.36,37.43,30.87
221,125.89,117.38,116.99,116.85,109.56,113.7,115.89,61.91,74.06
222,121.76,112.68,116.97,118.17,115.37,117.59,119.69,113.82,109.07
223,125.42,116.85,115.51,98.14,112.8,113.43,112.26,110.27,104.89
224,128.59,120.45,118.35,119.99,118.94,120.07,122.05,117.15,112.09
225,122.36,113.37,112.32,90.03,107.88,108.55,106.56,104.64,99.09
226,123.8,115.01,114.84,113.58,107.14,109.52,111.69,82.28,17.35
227,127.54,119.26,117.02,118.67,117.66,118.76,120.74,115.86,110.79
228,67.7,51.44,46.65,45.3,32.8,41.05,43.22,31.14,26.82
229,113.09,112.63,116.96,118.16,115.34,117.57,119.67,113.8,109.05
230,128.59,120.45,118.35,119.99,118.94,120.07,122.05,117.15,112.09
231,123.57,114.75,112.95,113.83,111.96,113.57,115.49,108.93,103.65
232,129.96,122.01,120.53,121.8,120.21,121.71,123.67,117.88,112.76
233,126.7,118.3,116.94,81.69,114.09,114.01,110.59,112.01,106.52
234,109.35,108.69,113.02,113.83,110.75,113.0,115.07,108.58,103.67
235,113.8,112.07,115.88,116.74,113.8,116.0,118.07,111.62,106.7
236,127.54,119.26,117.02,118.67,117.66,118.76,120.74,115.86,110.79
237,128.59,120.45,118.35,119.99,118.94,120.07,122.05,117.15,112.09
238,127.54,119.26,117.02,118.67,117.66,118.76,120.74,115.86,110.79
239,129.96,122.01,120.53,121.8,120.21,121.71,123.67,117.88,112.76
240,127.54,119.26,117.02,118.67,117.66,118.76,120.74,115.86,110.79
241,126.35,117.9,116.98,113.28,112.16,111.34,104.16,109.9,104.1
242,129.96,122.01,120.53,121.8,120.21,121.71,123.67,117.88,112.76
243,125.54,116.98,114.49,116.14,115.22,116.25,118.22,113.4,108.31
244,116.19,113.73,116.76,118.08,115.57,117.71,119.79,114.0,109.24
245,122.6,113.64,113.36,108.22,105.59,105.19,97.96,102.1,96.2
246,124.72,116.05,113.92,115.23,113.84,115.18,117.13,111.47,106.31
247,129.96,122.01,120.53,121.8,120.21,121.71,123.67,117.88,112.76
248,129.25,121.2,119.63,120.91,119.35,120.82,122.78,117.01,111.89
249,71.42,55.65,47.43,48.64,48.73,48.82,50.64,45.36,39.62
250,129.25,121.2,119.63,120.91,119.35,120.82,122.78,117.01,111.89
251,108.5,107.14,111.34,111.71,108.37,110.63,112.67,105.48,100.38
252,123.8,115.01,114.84,113.58,107.14,109.52,111.69,82.28,17.35
253,123.8,115.01,114.84,113.58,107.14,109.52,111.69,82.28,17.35
254,129.25,121.2,119.63,120.91,119.35,120.82,122.78,117.01,111.89
255,126.11,117.63,116.99,117.08,110.82,114.41,116.58,70.95,79.63
256,129.25,121.2,119.63,120.91,119.35,120.82,122.78,117.01,111.89
257,124.53,115.83,114.15,115.02,113.12,114.75,116.67,110.09,104.82
258,119.65,110.29,110.25,106.86,99.72,98.19,100.53,95.96,89.66
259,129.25,121.2,119.63,120.91,119.35,120.82,122.78,117.01,111.89
260,129.25,121.2,119.63,120.91,119.35,120.82,122.78,117.01,111.89
261,122.38,113.39,113.99,112.18,101.44,106.99,109.18,36.33,52.8
262,129.96,122.01,120.53,121.8,120.21,121.71,123.67,117.88,112.76
263,128.59,120.45,118.35,119.99,118.94,120.07,122.05,117.15,112.09
264,71.78,56.05,49.43,45.25,45.21,43.56,37.19,41.43,35.07
265,127.5,119.22,116.98,118.62,117.62,118.71,120.69,115.82,110.75
266,124.03,115.26,114.87,109.31,107.42,106.34,96.85,104.48,98.49
267,123.8,115.01,114.84,113.58,107.14,109.52,111.69,82.28,17.35
268,117.42,107.75,112.08,112.43,109.06,111.33,113.38,106.17,101.07
269,128.59,120.45,118.35,119.99,118.94,120.07,122.05,117.15,112.09
270,123.8,115.01,114.84,113.58,107.14,109.52,111.69,82.28,17.35
271,111.92,111.92,116.93,118.05,115.0,117.34,119.45,113.48,108.77
272,129.25,121.2,119.63,120.91,119.35,120.82,122.78,117.01,111.89
273,126.0,117.5,116.13,103.03,113.8,114.58,114.02,111.3,105.98
274,128.59,120.45,118.35,119.99,118.94,120.07,122.05,117.15,112.09
275,116.68,106.91,109.4,106.14,78.76,97.78,100.1,78.27,75.94
276,129.96,122.01,120.53,121.8,120.21,121.71,123.67,117.88,112.76
277,126.09,117.6,116.81,116.67,111.31,113.54,115.73,88.46,19.89
278,128.59,120.45,118.35,119.99,118.94,120.07,122.05,117.15,112.09
279,128.59,120.45,118.35,119.99,118.94,120.07,122.05,117.15,112.09
280,118.81,109.33,113.44,113.82,110.5,112.75,114.79,107.61,102.51
281,125.44,116.87,116.36,115.8,110.18,112.45,114.62,87.88,26.24
282,121.1,111.94,110.73,88.73,106.39,107.03,105.08,103.14,97.58
283,121.84,112.77,115.13,113.23,86.74,105.96,108.38,86.74,85.99
284,129.25,121.2,119.63,120.91,119.35,120.82,122.78,117.01,111.89
285,121.44,112.32,113.58,111.81,96.4,106.72,108.91,95.07,90.94
286,126.22,117.76,116.54,113.96,112.89,112.5,107.54,110.73,105.12
287,129.25,121.2,119.63,120.91,119.35,120.82,122.78,117.01,111.89
288,125.84,117.33,115.66,90.02,113.58,113.73,111.55,111.56,106.15
289,114.4,104.32,108.72,109.07,105.67,107.96,110.0,102.79,97.69
290,128.59,120.45,118.35,119.99,118.94,120.07,122.05,117.15,112.09
291,130.28,122.37,121.4,122.23,120.13,121.88,123.82,117.13,111.89
292,127.54,119.26,117.02,118.67,117.66,118.76,120.74,115.86,110.79
293,118.53,109.02,111.36,108.82,82.07,101.06,103.43,81.91,80.27
294,104.11,104.0,108.94,109.23,105.65,108.02,110.08,102.79,97.71
295,129.96,122.01,120.53,121.8,120.21,121.71,123.67,117.88,112.76
296,129.25,121.2,119.63,120.91,119.35,120.82,122.78,117.01,111.89
297,123.8,115.01,114.84,113.58,107.14,109.52,111.69,82.28,17.35
298,128.59,120.45,118.35,119.99,118.94,120.07,122.05,117.15,112.09
299,123.8,115.01,114.84,113.58,107.14,109.52,111.69,82.28,17.35
300,119.04,109.6,108.33,77.99,103.3,103.65,100.53,99.99,94.33
301,130.28,122.37,121.4,122.23,120.13,121.88,123.82,117.13,111.89
302,127.54,119.26,117.02,118.67,117.66,118.76,120.74,115.86,110.79
303,129.25,121.2,119.63,120.91,119.35,120.82,122.78,117.01,111.89
304,129.25,121.2,119.63,120.91,119.35,120.82,122.78,117.01,111.89
305,126.37,117.93,117.27,117.06,112.21,114.4,116.57,94.38,47.22
306,122.26,113.25,112.08,94.27,108.11,108.91,107.56,104.89,99.38
307,130.28,122.37,121.4,122.23,120.13,121.88,123.82,117.13,111.89
308,126.13,117.65,116.97,112.12,110.98,109.7,100.18,108.61,102.6
309,129.96,122.01,120.53,121.8,120.21,121.71,123.67,117.88,112.76
310,123.38,114.53,114.3,107.58,105.69,104.14,92.32,102.64,96.45
311,123.8,115.01,114.84,113.58,107.14,109.52,111.69,82.28,17.35
312,130.28,122.37,121.4,122.23,120.13,121.88,123.82,117.13,111.89
313,123.8,115.01,114.84,113.58,107.14,109.52,111.69,82.28,17.35
314,129.96,122.01,120.53,121.8,120.21,121.71,123.67,117.88,112.76
315,62.12,45.14,46.01,46.7,44.12,46.15,48.12,41.18,36.02
316,120.14,110.84,112.45,110.29,91.9,104.36,106.57,90.83,87.03
317,128.59,120.45,118.35,119.99,118.94,120.07,122.05,117.15,112.09
318,124.54,115.84,115.95,114.88,107.28,111.19,113.35,65.25,71.99
319,128.59,120.45,118.35,119.99,118.94,120.07,122.05,117.15,112.09
320,127.54,119.26,117.02,118.67,117.66,118.76,120.74,115.86,110.79
321,124.38,115.66,114.39,88.09,110.93,111.28,108.87,108.34,102.86
322,128.59,120.45,118.35,119.99,118.94,120.07,122.05,117.15,112.09
323,125.59,117.04,115.02,116.32,114.89,116.27,118.22,112.53,107.38
324,128.59,120.45,118.35,119.99,118.94,120.07,122.05,117.15,112.09
325,128.59,120.45,118.35,119.99,118.94,120.07,122.05,117.15,112.09
326,124.13,115.38,115.77,114.57,104.34,109.86,112.08,38.8,57.3
327,117.65,108.02,112.07,112.46,109.16,111.4,113.44,106.27,101.16
328,127.54,119.26,117.02,118.67,117.66,118.76,120.74,115.86,110.79
329,106.23,106.17,111.02,111.77,108.52,110.85,112.93,106.37,101.48
330,130.28,122.37,121.4,122.23,120.13,121.88,123.82,117.13,111.89
331,128.59,120.45,118.35,119.99,118.94,120.07,122.05,117.15,112.09
332,129.96,122.01,120.53,121.8,120.21,121.71,123.67,117.88,112.76
333,125.43,116.86,116.98,116.36,106.69,112.15,114.38,41.07,61.47
334,127.49,119.2,116.96,118.61,117.6,118.7,120.68,115.8,110.73
335,129.96,122.01,120.53,121.8,120.21,121.71,123.67,117.88,112.76
336,126.63,118.22,117.13,117.47,113.14,115.31,117.47,96.62,49.38
337,127.44,119.15,116.9,118.55,117.54,118.64,120.62,115.74,110.67
338,130.28,122.37,121.4,122.23,120.13,121.88,123.82,117.13,111.89
339,121.12,111.96,111.78,109.04,102.76,101.86,104.13,99.16,93.08
340,107.82,107.53,112.01,112.8,109.68,111.95,114.03,107.51,102.61
341,128.59,120.45,118.35,119.99,118.94,120.07,122.05,117.15,112.09
342,123.8,115.01,114.84,113.58,107.14,109.52,111.69,82.28,17.35
343,111.03,109.86,114.02,114.84,111.81,114.04,116.11,109.64,104.73
344,129.96,122.01,120.53,121.8,120.21,121.71,123.67,117.88,112.76
345,128.59,120.45,118.35,119.99,118.94,120.07,122.05,117.15,112.09
346,129.96,122.01,120.53,121.8,120.21,121.71,123.67,117.88,112.76
347,120.44,111.19,111.14,103.72,101.06,99.74,88.13,97.35,91.13
348,129.25,121.2,119.63,120.91,119.35,120.82,122.78,117.01,111.89
349,129.96,122.01,120.53,121.8,120.21,121.71,123.67,117.88,112.76
350,130.28,122.37,121.4,122.23,120.13,121.88,123.82,117.13,111.89
351,128.59,120.45,118.35,119.99,118.94,120.07,122.05,117.15,112.09
352,118.23,108.68,108.77,104.73,96.71,94.52,96.95,92.8,86.24
353,124.16,115.41,115.48,114.58,105.82,110.54,112.73,51.01,64.71
354,123.8,115.01,114.84,113.58,107.14,109.52,111.69,82.28,17.35
355,125.47,116.91,116.17,114.78,110.11,108.76,111.11,107.72,101.68
356,130.28,122.37,121.4,122.23,120.13,121.88,123.82,117.13,111.89
357,123.8,115.01,114.84,113.58,107.14,109.52,111.69,82.28,17.35
358,124.39,115.68,115.96,114.89,105.3,110.48,112.68,44.57,60.91
359,120.38,111.12,114.78,115.2,112.01,114.22,116.25,109.11,103.99
360,123.8,115.01,114.84,113.58,107.14,109.52,111.69,82.28,17.35
361,127.54,119.26,117.02,118.67,117.66,118.76,120.74,115.86,110.79
362,119.82,110.48,114.48,115.32,112.34,114.55,116.62,110.16,105.24
363,124.41,115.7,116.97,116.09,99.16,111.28,113.55,98.95,95.94
364,123.8,115.01,114.84,113.58,107.14,109.52,111.69,82.28,17.35
365,123.8,115.01,114.84,113.58,107.14,109.52,111.69,82.28,17.35
366,120.15,110.86,113.38,110.79,83.59,102.91,105.29,83.45,81.91
367,129.25,121.2,119.63,120.91,119.35,120.82,122.78,117.01,111.89
368,115.77,113.27,116.52,117.44,114.63,116.8,118.85,112.44,107.51
369,127.54,119.26,117.02,118.67,117.66,118.76,120.74,115.86,110.79
370,129.96,122.01,120.53,121.8,120.21,121.71,123.67,117.88,112.76
371,124.78,116.12,116.29,115.57,105.4,111.14,113.39,35.77,58.04
372,126.21,117.74,117.06,116.85,112.01,114.2,116.37,94.2,47.12
373,129.96,122.01,120.53,121.8,120.21,121.71,123.67,117.88,112.76
374,128.59,120.45,118.35,119.99,118.94,120.07,122.05,117.15,112.09
375,129.25,121.2,119.63,120.91,119.35,120.82,122.78,117.01,111.89
376,130.28,122.37,121.4,122.23,120.13,121.88,123.82,117.13,111.89
377,123.8,115.01,114.84,113.58,107.14,109.52,111.69,82.28,17.35
378,129.96,122.01,120.53,121.8,120.21,121.71,123.67,117.88,112.76
379,119.46,110.07,110.13,101.6,98.94,97.15,83.33,95.13,88.72
380,117.76,108.14,110.36,107.45,83.03,99.88,102.16,82.39,79.51
381,123.8,115.01,114.84,113.58,107.14,109.52,111.69,82.28,17.35
382,128.59,120.45,118.35,119.99,118.94,120.07,122.05,117.15,112.09
383,130.28,122.37,121.4,122.23,120.13,121.88,123.82,117.13,111.89
384,128.59,120.45,118.35,119.99,118.94,120.07,122.05,117.15,112.09
385,124.59,115.91,114.46,97.24,111.81,112.42,111.26,109.27,103.89
386,120.38,111.12,115.51,116.7,113.86,116.1,118.2,112.32,107.58
387,128.59,120.45,118.35,119.99,118.94,120.07,122.05,117.15,112.09
388,124.86,116.21,115.62,109.67,108.59,106.83,94.99,106.09,99.86
389,127.54,119.26,117.02,118.67,117.66,118.76,120.74,115.86,110.79
390,124.0,115.23,116.96,115.72,95.52,110.05,112.37,95.42,93.12
391,127.54,119.26,117.02,118.67,117.66,118.76,120.74,115.86,110.79
392,120.69,111.48,116.92,117.99,114.77,117.2,119.32,113.27,108.58
393,126.23,117.76,116.89,116.88,111.8,114.01,116.19,90.63,27.83
394,118.13,108.56,113.39,114.14,110.9,113.23,115.31,108.75,103.86
395,122.82,113.89,114.76,113.4,100.89,109.16,111.33,99.23,94.92
396,127.54,119.26,117.02,118.67,117.66,118.76,120.74,115.86,110.79
397,129.96,122.01,120.53,121.8,120.21,121.71,123.67,117.88,112.76
398,125.43,116.85,116.1,112.82,110.97,110.81,105.73,108.26,102.61
399,62.52,45.6,36.29,37.55,37.98,37.78,39.57,34.54,28.71
400,127.54,119.26,117.02,118.67,117.66,118.76,120.74,115.86,110.79
401,129.25,121.2,119.63,120.91,119.35,120.82,122.78,117.01,111.89
402,122.64,113.68,113.36,111.27,105.82,105.51,107.72,102.35,96.48
403,129.96,122.01,120.53,121.8,120.21,121.71,123.67,117.88,112.76
404,70.48,54.59,46.94,30.97,45.93,45.27,43.99,42.38,36.39
405,125.7,117.16,115.15,116.45,115.02,116.4,118.35,112.66,107.51
406,129.25,121.2,119.63,120.91,119.35,120.82,122.78,117.01,111.89
407,120.71,111.5,115.54,116.37,113.38,115.59,117.66,111.2,106.28
408,129.96,122.01,120.53,121.8,120.21,121.71,123.67,117.88,112.76
409,117.46,107.8,108.41,102.96,92.94,89.35,92.0,88.68,81.53
410,118.96,109.5,114.78,115.87,112.72,115.11,117.23,111.21,106.51
411,122.06,113.02,113.7,111.77,100.54,106.36,108.55,31.67,49.77
412,130.28,122.37,121.4,122.23,120.13,121.88,123.82,117.13,111.89
413,123.31,114.45,112.14,113.46,112.12,113.43,115.37,109.74,104.57
414,109.51,109.29,113.85,114.63,111.48,113.76,115.84,109.32,104.42
415,120.4,111.14,112.27,110.53,95.29,105.49,107.67,93.94,89.79
416,121.53,112.42,112.01,106.92,104.34,103.94,96.8,100.85,94.95
417,127.54,119.26,117.02,118.67,117.66,118.76,120.74,115.86,110.79
418,127.54,119.26,117.02,118.67,117.66,118.76,120.74,115.86,110.79
419,123.8,115.01,114.84,113.58,107.14,109.52,111.69,82.28,17.35
420,129.25,121.2,119.63,120.91,119.35,120.82,122.78,117.01,111.89
421,113.02,111.22,114.98,115.85,112.92,115.12,117.18,110.74,105.82
422,126.47,118.04,115.67,117.32,116.36,117.42,119.39,114.55,109.47
423,123.8,115.01,114.84,113.58,107.14,109.52,111.69,82.28,17.35
424,121.39,112.27,112.85,108.09,98.73,94.82,97.58,95.08,87.8
425,123.8,115.01,114.84,113.58,107.14,109.52,111.69,82.28,17.35
426,130.28,122.37,121.4,122.23,120.13,121.88,123.82,117.13,111.89
427,126.33,117.88,116.95,117.03,112.14,114.33,116.51,92.17,33.41
428,129.25,121.2,119.63,120.91,119.35,120.82,122.78,117.01,111.89
429,124.97,116.34,116.16,115.1,109.1,111.42,113.59,86.74,29.8
430,120.97,111.79,111.92,108.48,101.22,99.69,102.04,97.46,91.16
431,125.28,116.69,116.94,113.55,105.89,102.49,105.21,102.96,95.85
432,114.53,111.92,115.34,115.79,112.66,114.85,116.87,109.75,104.63
433,128.59,120.45,118.35,119.99,118.94,120.07,122.05,117.15,112.09
434,129.25,121.2,119.63,120.91,119.35,120.82,122.78,117.01,111.89
435,57.42,39.83,40.7,41.39,38.8,40.84,42.81,35.87,30.7
436,129.25,121.2,119.63,120.91,119.35,120.82,122.78,117.01,111.89
437,125.55,117.0,116.96,114.24,107.6,104.93,107.51,104.87,98.17
438,129.25,121.2,119.63,120.91,119.35,120.82,122.78,117.01,111.89
439,130.28,122.37,121.4,122.23,120.13,121.88,123.82,117.13,111.89
440,128.59,120.45,118.35,119.99,118.94,120.07,122.05,117.15,112.09
441,128.59,120.45,118.35,119.99,118.94,120.07,122.05,117.15,112.09
442,127.54,119.26,117.02,118.67,117.66,118.76,120.74,115.86,110.79
443,120.79,111.58,109.44,110.34,108.57,110.11,112.02,105.52,100.23
444,68.44,52.29,45.32,40.9,41.02,39.17,32.31,37.19,30.76
445,118.99,109.54,109.3,101.99,99.41,98.08,86.66,95.7,89.47
446,122.5,113.53,114.99,113.49,95.78,108.12,110.36,95.23,91.79
447,123.8,115.01,114.84,113.58,107.14,109.52,111.69,82.28,17.35
448,129.25,121.2,119.63,120.91,119.35,120.82,122.78,117.01,111.89
449,123.8,115.01,114.84,113.58,107.14,109.52,111.69,82.28,17.35
450,119.45,110.06,112.1,109.9,86.22,102.94,105.26,85.96,83.65
451,120.56,111.33,111.2,102.35,100.58,98.08,81.83,97.29,90.69
452,123.42,114.57,114.87,113.69,103.55,109.02,111.23,38.46,56.75
453,130.28,122.37,121.4,122.23,120.13,121.88,123.82,117.13,111.89
454,129.25,121.2,119.63,120.91,119.35,120.82,122.78,117.01,111.89
455,128.59,120.45,118.35,119.99,118.94,120.07,122.05,117.15,112.09
456,129.25,121.2,119.63,120.91,119.35,120.82,122.78,117.01,111.89
457,130.28,122.37,121.4,122.23,120.13,121.88,123.82,117.13,111.89
458,130.28,122.37,121.4,122.23,120.13,121.88,123.82,117.13,111.89
459,129.96,122.01,120.53,121.8,120.21,121.71,123.67,117.88,112.76
460,123.91,115.13,112.89,114.21,112.85,114.17,116.12,110.47,105.31
461,130.28,122.37,121.4,122.23,120.13,121.88,123.82,117.13,111.89
462,112.54,112.42,116.95,118.12,115.24,117.5,119.6,113.7,108.97
463,124.41,115.7,115.5,112.83,106.31,103.64,106.21,103.57,96.88
464,121.48,112.37,113.71,112.23,94.71,106.91,109.14,94.14,90.67
465,130.28,122.37,121.4,122.23,120.13,121.88,123.82,117.13,111.89
466,123.75,114.95,115.15,114.09,104.58,109.71,111.91,44.22,60.39
467,128.59,120.45,118.35,119.99,118.94,120.07,122.05,117.15,112.09
468,127.54,119.26,117.02,118.67,117.66,118.76,120.74,115.86,110.79
469,123.8,115.01,114.84,113.58,107.14,109.52,111.69,82.28,17.35
470,127.54,119.26,117.02,118.67,117.66,118.76,120.74,115.86,110.79
471,129.25,121.2,119.63,120.91,119.35,120.82,122.78,117.01,111.89
472,130.28,122.37,121.4,122.23,120.13,121.88,123.82,117.13,111.89
473,119.76,110.41,115.14,116.29,113.35,115.63,117.74,111.81,107.09
474,129.96,122.01,120.53,121.8,120.21,121.71,123.67,117.88,112.76
475,129.96,122.01,120.53,121.8,120.21,121.71,123.67,117.88,112.76
476,123.8,115.01,114.84,113.58,107.14,109.52,111.69,82.28,17.35
477,122.12,113.09,112.7,106.07,104.25,102.7,91.03,101.2,95.01
478,123.14,114.26,112.83,86.86,109.47,109.79,107.42,106.86,101.38
479,122.77,113.83,114.35,112.67,102.54,107.76,109.94,41.89,56.42
480,128.59,120.45,118.35,119.99,118.94,120.07,122.05,117.15,112.09
481,121.63,112.53,116.96,118.14,115.3,117.53,119.64,113.75,109.01
482,120.43,111.18,112.89,111.04,90.44,104.89,107.17,90.05,87.12
483,129.96,122.01,120.53,121.8,120.21,121.71,123.67,117.88,112.76
484,127.54,119.26,117.02,118.67,117.66,118.76,120.74,115.86,110.79
485,123.62,114.8,116.95,115.35,91.82,108.83,111.21,91.79,90.29
486,125.32,116.74,116.98,116.25,106.01,111.79,114.03,36.01,58.45
487,120.97,111.79,111.92,108.48,101.22,99.69,102.04,97.46,91.16
488,127.54,119.26,117.02,118.67,117.66,118.76,120.74,115.86,110.79
489,130.28,122.37,121.4,122.23,120.13,121.88,123.82,117.13,111.89
490,124.34,115.62,116.2,115.48,103.81,111.78,113.96,102.76,98.54
491,127.54,119.26,117.02,118.67,117.66,118.76,120.74,115.86,110.79
492,122.59,113.63,114.57,113.47,98.97,108.98,111.18,98.19,94.27
493,115.26,112.71,115.93,116.85,114.05,116.21,118.27,111.86,106.93
494,123.8,115.01,114.84,113.58,107.14,109.52,111.69,82.28,17.35
495,129.25,121.2,119.63,120.91,119.35,120.82,122.78,117.01,111.89
496,129.25,121.2,119.63,120.91,119.35,120.82,122.78,117.01,111.89
497,114.47,112.79,116.43,117.69,115.05,117.22,119.31,113.5,108.74
498,130.28,122.37,121.4,122.23,120.13,121.88,123.82,117.13,111.89
499,124.95,116.31,116.37,115.76,106.16,111.57,113.81,40.83,61.09
500,128.59,120.45,118.35,119.99,118.94,120.07,122.05,117.15,112.09
501,123.39,114.54,114.86,110.87,102.35,98.22,101.06,99.21,91.66
502,129.96,122.01,120.53,121.8,120.21,121.71,123.67,117.88,112.76
503,124.65,115.97,115.88,115.18,107.28,111.54,113.72,58.94,69.82
504,125.85,117.34,114.88,116.54,115.6,116.64,118.62,113.79,108.7
505,125.03,116.4,116.59,116.46,105.73,113.32,115.51,105.15,101.08
506,129.96,122.01,120.53,121.8,120.21,121.71,123.67,117.88,112.76
507,129.25,121.2,119.63,120.91,119.35,120.82,122.78,117.01,111.89
508,123.87,115.09,114.41,110.03,108.2,107.59,100.42,105.38,99.56
509,130.28,122.37,121.4,122.23,120.13,121.88,123.82,117.13,111.89
510,117.48,107.82,109.59,107.09,85.99,100.41,102.66,85.13,81.71
511,123.25,114.37,114.78,113.26,103.85,108.69,110.87,48.48,60.75
512,127.54,119.26,117.02,118.67,117.66,118.76,120.74,115.86,110.79
513,123.8,115.01,114.84,113.58,107.14,109.52,111.69,82.28,17.35
514,129.25,121.2,119.63,120.91,119.35,120.82,122.78,117.01,111.89
515,124.13,115.38,115.77,114.57,104.34,109.86,112.08,38.8,57.3
516,129.96,122.01,120.53,121.8,120.21,121.71,123.67,117.88,112.76
